create table easydesk.t_roles
(
    id bigint not null
        primary key,
    role varchar(255)
);

alter table easydesk.t_roles
    owner to postgres;

insert into easydesk.t_roles (id, role) values
    (1, 'ROLE_USER'),
    (2, 'ROLE_SUPPORT'),
    (3, 'ROLE_ADMIN');

create table easydesk.t_users
(
    id bigint generated by default as identity
        primary key,
    department varchar(255),
    email      varchar(255),
    enabled    boolean,
    fio        varchar(255),
    password   varchar(255),
    username   varchar(30)
);

alter table easydesk.t_users
    owner to postgres;

insert into easydesk.t_users (username, password, fio, email, enabled) values
    ('admin', '$2a$10$qsB0ZY1usorO8MSSzggmeuOhXWGXx.9m2JaDUWOp7vB2coZ3T39f.', 'Администратор', 'admin@easydesk.one', true),
    ('support', '$2a$10$qsB0ZY1usorO8MSSzggmeuOhXWGXx.9m2JaDUWOp7vB2coZ3T39f.', 'Иванов Иван Иванович', 'support@easydesk.one', true),
    ('support2', '$2a$10$qsB0ZY1usorO8MSSzggmeuOhXWGXx.9m2JaDUWOp7vB2coZ3T39f.', 'Петров Петр Петрович', 'support2@easydesk.one', true),
    ('support3', '$2a$10$qsB0ZY1usorO8MSSzggmeuOhXWGXx.9m2JaDUWOp7vB2coZ3T39f.', 'Ильин Вадим Андреевич', 'support3@easydesk.one', true),
    ('support4', '$2a$10$qsB0ZY1usorO8MSSzggmeuOhXWGXx.9m2JaDUWOp7vB2coZ3T39f.', 'Овсянников Дмитрий Кириллович', 'support4@easydesk.one', true),
    ('support5', '$2a$10$qsB0ZY1usorO8MSSzggmeuOhXWGXx.9m2JaDUWOp7vB2coZ3T39f.', 'Николаев Матвей Алексеевич', 'support5@easydesk.one', true),
    ('support6', '$2a$10$qsB0ZY1usorO8MSSzggmeuOhXWGXx.9m2JaDUWOp7vB2coZ3T39f.', 'Самойлов Семён Николаевич', 'support6@easydesk.one', true),
    ('user', '$2a$10$qsB0ZY1usorO8MSSzggmeuOhXWGXx.9m2JaDUWOp7vB2coZ3T39f.', 'Молчанова София Михайловна', 'user@easydesk.one', true),
    ('user2', '$2a$10$qsB0ZY1usorO8MSSzggmeuOhXWGXx.9m2JaDUWOp7vB2coZ3T39f.', 'Кудрявцев Григорий Матвеевич', 'user2@easydesk.one', true),
    ('user3', '$2a$10$qsB0ZY1usorO8MSSzggmeuOhXWGXx.9m2JaDUWOp7vB2coZ3T39f.', 'Павлова Екатерина Михайловна', 'user3@easydesk.one', true);

create table easydesk.t_users_roles
(
    user_id  bigint not null
        constraint fkfxgldwdsgyl221kqaum2l0dm9
            references easydesk.t_users,
    roles_id bigint not null
        constraint fk9qf4n9htwf2hlfnqoucqmyeg9
            references easydesk.t_roles,
    primary key (user_id, roles_id)
);

alter table easydesk.t_users_roles
    owner to postgres;

create table teams (
                       id serial constraint teams_pk primary key,
                       name varchar (50),
                       description varchar (100)
);

insert into teams (name, description)
values
    ('ПЕРВАЯ ЛИНИЯ', 'Первая линия поддержки'),
    ('ТЕХНИЧЕСКАЯ ПОДДЕРЖКА', 'Техническая поддержка рабочих станций'),
    ('СИСТЕМНЫЕ АДМИНИСТРАТОРЫ', 'Администрирование серверов и серверного ПО');

create table easydesk.t_users_teams
(
    users_id bigint not null
        constraint fkigetf8w3va48s3t8s0pw1q4i2
            references easydesk.t_users,
    teams_id bigint not null
        constraint fktbu3j9q0vt3isbv82e5ha6mmi
            references easydesk.teams
            on delete cascade,
    primary key (users_id, teams_id)
);

alter table easydesk.t_users_teams
    owner to postgres;

insert into easydesk.t_users_roles (user_id, roles_id) VALUES
                                                           (1, 1),
                                                           (1, 2),
                                                           (1, 3),
(2, 1),
(2, 2),
(3, 1),
(3, 2),
(4, 1),
(4, 2),
(5, 1),
(5, 2),
(6, 1),
(6, 2),
(7, 1),
(7, 2),
(8, 1),
(9, 1),
(10, 1);

insert into easydesk.t_users_teams values
(1,1),
(2,1),
(3,1),
(4,1),
(5,1),
(6,1),
(7,1),
(2,2),
(1,2),
(3,2),
(4,2),
(5,3),
(6,3),
(7,3);


create table categories (
                                    id serial not null unique ,
                                    name varchar (50),
                                    description varchar (100),
                                    default_team_id bigint default (1),
                                    primary key (id),
                                    foreign key (default_team_id)
                                    references teams(id)
                                    on delete set default
);

insert into categories (name, description, default_team_id)
values
    ('ПК и периферия', 'Проблемы, связанные c компьютером и его оборудованием', 2),
    ('Принтеры, МФУ, картриджи', 'Проблемы с печатающим оборудованием, замена картриджей', 1),
    ('Сервера, ПО', 'Проблемы, связанные c серверами, серверным ПО', 3),
    ('Спец. ПО "Минотавр - 8"', 'Спец. ПО "Минотавр - 8". Передача обращения во внешнюю систему', 1),
    ('Другое', 'Иные проблемы', 1);

create table easydesk.statuses
(
    id          bigint generated by default as identity
        primary key,
    name        varchar(255),
    description varchar(255)
);

alter table easydesk.statuses
    owner to postgres;


insert into easydesk.statuses values
                         (1, 'REGISTERED', 'Зарегистрировано'),
                         (2, 'DECLINED', 'Отклонено'),
                         (3, 'PROGRESS', 'В работе'),
                         (4, 'DONE', 'Выполнено'),
                         (5, 'TRANSFERRED', 'Передано во внешнюю систему'),
                         (6, 'ARCHIVED', 'В архиве'),
                         (7, 'DELETED', 'Удалено');

create table easydesk.tickets
(
    id                bigint generated by default as identity (maxvalue 2147483647)
        primary key,
    creation_date     timestamp,
    active            boolean,
    short_description varchar(30),
    description       text,
    log       text,
    chat text,
    applicant_id         bigint
        constraint applicant_fk
            references easydesk.t_users
            on delete cascade,
    category_id          bigint
        constraint category_fk
            references easydesk.categories
            on delete set null,
    current_team_id   bigint default 1
        constraint team_fk
            references easydesk.teams
            on delete set default,
    status_id            bigint default 1
        constraint status_fk
            references easydesk.statuses
            on delete set default,
    expert_id         bigint
        constraint expert_fk
        references easydesk.t_users
        on delete set null
);

alter table easydesk.tickets
    owner to postgres;

create table easydesk.attach
(
    id        bigint not null
        primary key,
    data      oid,
    name      varchar(255),
    type      varchar(255),
    ticket_id bigint
        constraint fkhtj33w1d9nerxwf48kl0sfkta
            references easydesk.tickets
            on delete cascade,
    user_id   bigint
        constraint fkktgfwayx5cxwh5vk3u81s488c
            references easydesk.t_users
            on delete cascade
);

alter table easydesk.attach
    owner to postgres;
